status	path	width	height	changedPixels	totalPixels	diffRatio	maxChannelDelta	comparison
M	tdesign-component/example/test/goldens/action_sheet_badge_grid_opened_dark.png	375	812	375	304500	0.00123153	1	example/test/goldens/action_sheet_badge_grid_opened_dark-develop-diff-current.png
M	tdesign-component/example/test/goldens/action_sheet_badge_list_opened_dark.png	375	812	1500	304500	0.00492611	1	example/test/goldens/action_sheet_badge_list_opened_dark-develop-diff-current.png
M	tdesign-component/example/test/goldens/action_sheet_basic_grid_opened_dark.png	375	812	375	304500	0.00123153	1	example/test/goldens/action_sheet_basic_grid_opened_dark-develop-diff-current.png
M	tdesign-component/example/test/goldens/action_sheet_basic_list_opened_dark.png	375	812	1500	304500	0.00492611	1	example/test/goldens/action_sheet_basic_list_opened_dark-develop-diff-current.png
M	tdesign-component/example/test/goldens/action_sheet_center_list_opened_dark.png	375	812	1125	304500	0.00369458	1	example/test/goldens/action_sheet_center_list_opened_dark-develop-diff-current.png
M	tdesign-component/example/test/goldens/action_sheet_described_grid_opened_dark.png	375	812	375	304500	0.00123153	1	example/test/goldens/action_sheet_described_grid_opened_dark-develop-diff-current.png
M	tdesign-component/example/test/goldens/action_sheet_described_list_opened_dark.png	375	812	1125	304500	0.00369458	1	example/test/goldens/action_sheet_described_list_opened_dark-develop-diff-current.png
M	tdesign-component/example/test/goldens/action_sheet_described_scroll_grid_opened_dark.png	375	812	375	304500	0.00123153	1	example/test/goldens/action_sheet_described_scroll_grid_opened_dark-develop-diff-current.png
M	tdesign-component/example/test/goldens/action_sheet_icon_list_opened_dark.png	375	812	1500	304500	0.00492611	1	example/test/goldens/action_sheet_icon_list_opened_dark-develop-diff-current.png
M	tdesign-component/example/test/goldens/action_sheet_left_list_opened_dark.png	375	812	1125	304500	0.00369458	1	example/test/goldens/action_sheet_left_list_opened_dark-develop-diff-current.png
M	tdesign-component/example/test/goldens/action_sheet_paged_grid_next_page_dark.png	375	812	375	304500	0.00123153	1	example/test/goldens/action_sheet_paged_grid_next_page_dark-develop-diff-current.png
M	tdesign-component/example/test/goldens/action_sheet_paged_grid_opened_dark.png	375	812	375	304500	0.00123153	1	example/test/goldens/action_sheet_paged_grid_opened_dark-develop-diff-current.png
M	tdesign-component/example/test/goldens/action_sheet_scroll_grid_opened_dark.png	375	812	375	304500	0.00123153	1	example/test/goldens/action_sheet_scroll_grid_opened_dark-develop-diff-current.png
M	tdesign-component/example/test/goldens/action_sheet_scroll_grid_scrolled_dark.png	375	812	375	304500	0.00123153	1	example/test/goldens/action_sheet_scroll_grid_scrolled_dark-develop-diff-current.png
M	tdesign-component/example/test/goldens/action_sheet_status_list_opened_dark.png	375	812	1500	304500	0.00492611	1	example/test/goldens/action_sheet_status_list_opened_dark-develop-diff-current.png
M	tdesign-component/example/test/goldens/backtop_page_circle_scrolled_dark.png	375	812	194067	304500	0.63733005	1	example/test/goldens/backtop_page_circle_scrolled_dark-develop-diff-current.png
M	tdesign-component/example/test/goldens/backtop_page_circle_scrolled_light.png	375	812	194124	304500	0.63751724	1	example/test/goldens/backtop_page_circle_scrolled_light-develop-diff-current.png
M	tdesign-component/example/test/goldens/backtop_page_dark.png	375	812	103890	304500	0.34118227	1	example/test/goldens/backtop_page_dark-develop-diff-current.png
M	tdesign-component/example/test/goldens/backtop_page_half-round_scrolled_dark.png	375	812	194350	304500	0.63825944	1	example/test/goldens/backtop_page_half-round_scrolled_dark-develop-diff-current.png
M	tdesign-component/example/test/goldens/backtop_page_half-round_scrolled_light.png	375	812	194410	304500	0.63845649	1	example/test/goldens/backtop_page_half-round_scrolled_light-develop-diff-current.png
M	tdesign-component/example/test/goldens/backtop_page_light.png	375	812	103908	304500	0.34124138	1	example/test/goldens/backtop_page_light-develop-diff-current.png
M	tdesign-component/example/test/goldens/badge_page_dark.png	375	1511	11381	566625	0.02008559	1	example/test/goldens/badge_page_dark-develop-diff-current.png
M	tdesign-component/example/test/goldens/badge_page_light.png	375	1511	11248	566625	0.01985087	1	example/test/goldens/badge_page_light-develop-diff-current.png
M	tdesign-component/example/test/goldens/button_page_dark.png	375	4420	1099235	1657500	0.66318854	241	example/test/goldens/button_page_dark-develop-diff-current.png
M	tdesign-component/example/test/goldens/button_page_light.png	375	4420	264547	1657500	0.15960603	255	example/test/goldens/button_page_light-develop-diff-current.png
M	tdesign-component/example/test/goldens/calendar_page_dark.png	375	1833	1292	687375	0.00187961	76	example/test/goldens/calendar_page_dark-develop-diff-current.png
M	tdesign-component/example/test/goldens/calendar_page_light.png	375	1833	1282	687375	0.00186507	102	example/test/goldens/calendar_page_light-develop-diff-current.png
M	tdesign-component/example/test/goldens/calendar_range_opened_dark.png	375	812	595	304500	0.00195402	34	example/test/goldens/calendar_range_opened_dark-develop-diff-current.png
M	tdesign-component/example/test/goldens/calendar_range_opened_light.png	375	812	590	304500	0.00193760	47	example/test/goldens/calendar_range_opened_light-develop-diff-current.png
D	tdesign-component/example/test/goldens/cascader_any_opened_dark.png	375	812	304500	304500	1.00000000	244	example/test/goldens/cascader_any_opened_dark-develop-diff-current.png
D	tdesign-component/example/test/goldens/cascader_any_opened_light.png	375	812	49806	304500	0.16356650	255	example/test/goldens/cascader_any_opened_light-develop-diff-current.png
D	tdesign-component/example/test/goldens/cascader_base_opened_dark.png	375	812	304500	304500	1.00000000	244	example/test/goldens/cascader_base_opened_dark-develop-diff-current.png
D	tdesign-component/example/test/goldens/cascader_base_opened_light.png	375	812	49806	304500	0.16356650	255	example/test/goldens/cascader_base_opened_light-develop-diff-current.png
A	tdesign-component/example/test/goldens/cascader_horizontal-locator_opened_dark.png	375	812	304500	304500	1.00000000	244	example/test/goldens/cascader_horizontal-locator_opened_dark-develop-diff-current.png
A	tdesign-component/example/test/goldens/cascader_horizontal-locator_opened_light.png	375	812	92971	304500	0.30532348	255	example/test/goldens/cascader_horizontal-locator_opened_light-develop-diff-current.png
A	tdesign-component/example/test/goldens/cascader_horizontal_opened_dark.png	375	812	304500	304500	1.00000000	244	example/test/goldens/cascader_horizontal_opened_dark-develop-diff-current.png
A	tdesign-component/example/test/goldens/cascader_horizontal_opened_light.png	375	812	92971	304500	0.30532348	255	example/test/goldens/cascader_horizontal_opened_light-develop-diff-current.png
M	tdesign-component/example/test/goldens/cascader_page_dark.png	375	1023	163272	383625	0.42560313	231	example/test/goldens/cascader_page_dark-develop-diff-current.png
M	tdesign-component/example/test/goldens/cascader_page_light.png	375	1023	143061	383625	0.37291887	229	example/test/goldens/cascader_page_light-develop-diff-current.png
D	tdesign-component/example/test/goldens/cascader_search_opened_dark.png	375	812	304500	304500	1.00000000	244	example/test/goldens/cascader_search_opened_dark-develop-diff-current.png
D	tdesign-component/example/test/goldens/cascader_search_opened_light.png	375	812	63841	304500	0.20965846	255	example/test/goldens/cascader_search_opened_light-develop-diff-current.png
D	tdesign-component/example/test/goldens/cascader_subtitle_opened_dark.png	375	812	304500	304500	1.00000000	244	example/test/goldens/cascader_subtitle_opened_dark-develop-diff-current.png
D	tdesign-component/example/test/goldens/cascader_subtitle_opened_light.png	375	812	50356	304500	0.16537274	255	example/test/goldens/cascader_subtitle_opened_light-develop-diff-current.png
D	tdesign-component/example/test/goldens/cascader_tab_opened_dark.png	375	812	304500	304500	1.00000000	244	example/test/goldens/cascader_tab_opened_dark-develop-diff-current.png
D	tdesign-component/example/test/goldens/cascader_tab_opened_light.png	375	812	49878	304500	0.16380296	255	example/test/goldens/cascader_tab_opened_light-develop-diff-current.png
A	tdesign-component/example/test/goldens/cascader_vertical-locator_opened_dark.png	375	812	304500	304500	1.00000000	244	example/test/goldens/cascader_vertical-locator_opened_dark-develop-diff-current.png
A	tdesign-component/example/test/goldens/cascader_vertical-locator_opened_light.png	375	812	93423	304500	0.30680788	255	example/test/goldens/cascader_vertical-locator_opened_light-develop-diff-current.png
A	tdesign-component/example/test/goldens/cascader_vertical_opened_dark.png	375	812	304500	304500	1.00000000	244	example/test/goldens/cascader_vertical_opened_dark-develop-diff-current.png
A	tdesign-component/example/test/goldens/cascader_vertical_opened_light.png	375	812	93423	304500	0.30680788	255	example/test/goldens/cascader_vertical_opened_light-develop-diff-current.png
A	tdesign-component/example/test/goldens/cascader_with-title_opened_dark.png	375	812	304500	304500	1.00000000	244	example/test/goldens/cascader_with-title_opened_dark-develop-diff-current.png
A	tdesign-component/example/test/goldens/cascader_with-title_opened_light.png	375	812	93423	304500	0.30680788	255	example/test/goldens/cascader_with-title_opened_light-develop-diff-current.png
A	tdesign-component/example/test/goldens/cascader_without-title_opened_dark.png	375	812	304500	304500	1.00000000	244	example/test/goldens/cascader_without-title_opened_dark-develop-diff-current.png
A	tdesign-component/example/test/goldens/cascader_without-title_opened_light.png	375	812	92399	304500	0.30344499	255	example/test/goldens/cascader_without-title_opened_light-develop-diff-current.png
M	tdesign-component/example/test/goldens/checkbox_page_dark.png	375	2369	18276	888375	0.02057239	219	example/test/goldens/checkbox_page_dark-develop-diff-current.png
M	tdesign-component/example/test/goldens/checkbox_page_light.png	375	2369	20526	888375	0.02310511	255	example/test/goldens/checkbox_page_light-develop-diff-current.png
M	tdesign-component/example/test/goldens/collapse_page_dark.png	375	1367	12064	512625	0.02353377	162	example/test/goldens/collapse_page_dark-develop-diff-current.png
M	tdesign-component/example/test/goldens/collapse_page_light.png	375	1367	9336	512625	0.01821214	161	example/test/goldens/collapse_page_light-develop-diff-current.png
M	tdesign-component/example/test/goldens/divider_page_dark.png	375	1009	376	378375	0.00099372	1	example/test/goldens/divider_page_dark-develop-diff-current.png
M	tdesign-component/example/test/goldens/divider_page_light.png	375	1009	1682	378375	0.00444533	1	example/test/goldens/divider_page_light-develop-diff-current.png
M	tdesign-component/example/test/goldens/drawer_basic_opened_dark.png	375	1024	1056	384000	0.00275000	1	example/test/goldens/drawer_basic_opened_dark-develop-diff-current.png
M	tdesign-component/example/test/goldens/drawer_basic_pressed_dark.png	375	1024	1056	384000	0.00275000	1	example/test/goldens/drawer_basic_pressed_dark-develop-diff-current.png
M	tdesign-component/example/test/goldens/drawer_footer_opened_dark.png	375	1024	1848	384000	0.00481250	1	example/test/goldens/drawer_footer_opened_dark-develop-diff-current.png
M	tdesign-component/example/test/goldens/drawer_icon_opened_dark.png	375	1024	1056	384000	0.00275000	1	example/test/goldens/drawer_icon_opened_dark-develop-diff-current.png
M	tdesign-component/example/test/goldens/drawer_large_title_opened_dark.png	375	1024	1056	384000	0.00275000	1	example/test/goldens/drawer_large_title_opened_dark-develop-diff-current.png
M	tdesign-component/example/test/goldens/drawer_left_opened_dark.png	375	1024	1056	384000	0.00275000	1	example/test/goldens/drawer_left_opened_dark-develop-diff-current.png
M	tdesign-component/example/test/goldens/drawer_right_opened_dark.png	375	1024	1056	384000	0.00275000	1	example/test/goldens/drawer_right_opened_dark-develop-diff-current.png
M	tdesign-component/example/test/goldens/drawer_small_title_opened_dark.png	375	1024	1056	384000	0.00275000	1	example/test/goldens/drawer_small_title_opened_dark-develop-diff-current.png
M	tdesign-component/example/test/goldens/dropdown_menu_double_column_opened_dark.png	375	812	375	304500	0.00123153	1	example/test/goldens/dropdown_menu_double_column_opened_dark-develop-diff-current.png
M	tdesign-component/example/test/goldens/dropdown_menu_multiple_opened_dark.png	375	812	375	304500	0.00123153	1	example/test/goldens/dropdown_menu_multiple_opened_dark-develop-diff-current.png
M	tdesign-component/example/test/goldens/dropdown_menu_overscroll_opened_dark.png	375	812	750	304500	0.00246305	1	example/test/goldens/dropdown_menu_overscroll_opened_dark-develop-diff-current.png
M	tdesign-component/example/test/goldens/dropdown_menu_overscroll_opened_light.png	375	812	375	304500	0.00123153	1	example/test/goldens/dropdown_menu_overscroll_opened_light-develop-diff-current.png
M	tdesign-component/example/test/goldens/dropdown_menu_single_column_opened_dark.png	375	812	375	304500	0.00123153	1	example/test/goldens/dropdown_menu_single_column_opened_dark-develop-diff-current.png
M	tdesign-component/example/test/goldens/dropdown_menu_single_opened_dark.png	375	812	1500	304500	0.00492611	1	example/test/goldens/dropdown_menu_single_opened_dark-develop-diff-current.png
M	tdesign-component/example/test/goldens/dropdown_menu_sorter_opened_dark.png	375	812	750	304500	0.00246305	1	example/test/goldens/dropdown_menu_sorter_opened_dark-develop-diff-current.png
M	tdesign-component/example/test/goldens/empty_page_dark.png	375	1098	115640	411750	0.28085003	237	example/test/goldens/empty_page_dark-develop-diff-current.png
M	tdesign-component/example/test/goldens/empty_page_light.png	375	1098	53686	411750	0.13038494	255	example/test/goldens/empty_page_light-develop-diff-current.png
M	tdesign-component/example/test/goldens/footer_page_dark.png	375	891	64340	334125	0.19256266	237	example/test/goldens/footer_page_dark-develop-diff-current.png
M	tdesign-component/example/test/goldens/footer_page_light.png	375	891	35641	334125	0.10666966	255	example/test/goldens/footer_page_light-develop-diff-current.png
M	tdesign-component/example/test/goldens/form_page_dark.png	375	1123	4442	421125	0.01054794	1	example/test/goldens/form_page_dark-develop-diff-current.png
M	tdesign-component/example/test/goldens/form_page_disabled_dark.png	375	1123	4125	421125	0.00979519	1	example/test/goldens/form_page_disabled_dark-develop-diff-current.png
M	tdesign-component/example/test/goldens/form_page_disabled_light.png	375	1123	4875	421125	0.01157614	1	example/test/goldens/form_page_disabled_light-develop-diff-current.png
M	tdesign-component/example/test/goldens/form_page_light.png	375	1123	5292	421125	0.01256634	1	example/test/goldens/form_page_light-develop-diff-current.png
M	tdesign-component/example/test/goldens/form_page_vertical_dark.png	375	1390	4067	521250	0.00780240	1	example/test/goldens/form_page_vertical_dark-develop-diff-current.png
M	tdesign-component/example/test/goldens/form_page_vertical_light.png	375	1390	4167	521250	0.00799424	1	example/test/goldens/form_page_vertical_light-develop-diff-current.png
M	tdesign-component/example/test/goldens/image_page_dark.png	375	812	68985	304500	0.22655172	230	example/test/goldens/image_page_dark-develop-diff-current.png
M	tdesign-component/example/test/goldens/image_page_light.png	375	812	68957	304500	0.22645977	230	example/test/goldens/image_page_light-develop-diff-current.png
M	tdesign-component/example/test/goldens/indexes_capsule_opened_dark.png	375	812	1621	304500	0.00532348	1	example/test/goldens/indexes_capsule_opened_dark-develop-diff-current.png
M	tdesign-component/example/test/goldens/indexes_capsule_opened_light.png	375	812	551	304500	0.00180952	1	example/test/goldens/indexes_capsule_opened_light-develop-diff-current.png
M	tdesign-component/example/test/goldens/indexes_capsule_selected_dark.png	375	812	1621	304500	0.00532348	1	example/test/goldens/indexes_capsule_selected_dark-develop-diff-current.png
M	tdesign-component/example/test/goldens/indexes_capsule_selected_light.png	375	812	551	304500	0.00180952	1	example/test/goldens/indexes_capsule_selected_light-develop-diff-current.png
M	tdesign-component/example/test/goldens/indexes_letter_opened_dark.png	375	812	2128	304500	0.00698851	1	example/test/goldens/indexes_letter_opened_dark-develop-diff-current.png
M	tdesign-component/example/test/goldens/indexes_letter_selected_dark.png	375	812	1775	304500	0.00582923	1	example/test/goldens/indexes_letter_selected_dark-develop-diff-current.png
M	tdesign-component/example/test/goldens/indexes_number_opened_dark.png	375	812	1600	304500	0.00525452	1	example/test/goldens/indexes_number_opened_dark-develop-diff-current.png
M	tdesign-component/example/test/goldens/indexes_number_selected_dark.png	375	812	1600	304500	0.00525452	1	example/test/goldens/indexes_number_selected_dark-develop-diff-current.png
M	tdesign-component/example/test/goldens/indexes_page_dark.png	375	812	505	304500	0.00165846	194	example/test/goldens/indexes_page_dark-develop-diff-current.png
M	tdesign-component/example/test/goldens/indexes_page_light.png	375	812	506	304500	0.00166174	255	example/test/goldens/indexes_page_light-develop-diff-current.png
M	tdesign-component/example/test/goldens/input_page_dark.png	375	3394	378940	1272750	0.29773325	231	example/test/goldens/input_page_dark-develop-diff-current.png
M	tdesign-component/example/test/goldens/input_page_light.png	375	3394	378618	1272750	0.29748026	255	example/test/goldens/input_page_light-develop-diff-current.png
M	tdesign-component/example/test/goldens/navbar_action_toast_dark.png	375	812	206638	304500	0.67861412	231	example/test/goldens/navbar_action_toast_dark-develop-diff-current.png
M	tdesign-component/example/test/goldens/navbar_action_toast_light.png	375	812	206598	304500	0.67848276	255	example/test/goldens/navbar_action_toast_light-develop-diff-current.png
M	tdesign-component/example/test/goldens/navbar_back_toast_dark.png	375	812	195576	304500	0.64228571	231	example/test/goldens/navbar_back_toast_dark-develop-diff-current.png
M	tdesign-component/example/test/goldens/navbar_back_toast_light.png	375	812	195110	304500	0.64075534	255	example/test/goldens/navbar_back_toast_light-develop-diff-current.png
M	tdesign-component/example/test/goldens/navbar_close_toast_dark.png	375	812	206646	304500	0.67864039	231	example/test/goldens/navbar_close_toast_dark-develop-diff-current.png
M	tdesign-component/example/test/goldens/navbar_close_toast_light.png	375	812	206608	304500	0.67851560	255	example/test/goldens/navbar_close_toast_light-develop-diff-current.png
M	tdesign-component/example/test/goldens/navbar_home_toast_dark.png	375	812	206646	304500	0.67864039	231	example/test/goldens/navbar_home_toast_dark-develop-diff-current.png
M	tdesign-component/example/test/goldens/navbar_home_toast_light.png	375	812	206603	304500	0.67849918	255	example/test/goldens/navbar_home_toast_light-develop-diff-current.png
M	tdesign-component/example/test/goldens/navbar_page_dark.png	375	1459	378981	547125	0.69267718	237	example/test/goldens/navbar_page_dark-develop-diff-current.png
M	tdesign-component/example/test/goldens/navbar_page_light.png	375	1459	313684	547125	0.57333151	255	example/test/goldens/navbar_page_light-develop-diff-current.png
M	tdesign-component/example/test/goldens/navbar_search_entered_dark.png	375	1459	378981	547125	0.69267718	237	example/test/goldens/navbar_search_entered_dark-develop-diff-current.png
M	tdesign-component/example/test/goldens/navbar_search_entered_light.png	375	1459	313684	547125	0.57333151	255	example/test/goldens/navbar_search_entered_light-develop-diff-current.png
M	tdesign-component/example/test/goldens/notice_bar_close_post_action_dark.png	375	1581	16111	592875	0.02717436	1	example/test/goldens/notice_bar_close_post_action_dark-develop-diff-current.png
M	tdesign-component/example/test/goldens/notice_bar_close_post_action_light.png	375	1581	16343	592875	0.02756568	1	example/test/goldens/notice_bar_close_post_action_light-develop-diff-current.png
M	tdesign-component/example/test/goldens/notice_bar_entrance_post_action_dark.png	375	1581	16155	592875	0.02724858	1	example/test/goldens/notice_bar_entrance_post_action_dark-develop-diff-current.png
M	tdesign-component/example/test/goldens/notice_bar_entrance_post_action_light.png	375	1581	16377	592875	0.02762302	1	example/test/goldens/notice_bar_entrance_post_action_light-develop-diff-current.png
M	tdesign-component/example/test/goldens/notice_bar_page_dark.png	375	1581	16625	592875	0.02804132	1	example/test/goldens/notice_bar_page_dark-develop-diff-current.png
M	tdesign-component/example/test/goldens/notice_bar_page_light.png	375	1581	17070	592875	0.02879190	1	example/test/goldens/notice_bar_page_light-develop-diff-current.png
M	tdesign-component/example/test/goldens/notice_bar_scroll_post_action_dark.png	375	1581	16625	592875	0.02804132	1	example/test/goldens/notice_bar_scroll_post_action_dark-develop-diff-current.png
M	tdesign-component/example/test/goldens/notice_bar_scroll_post_action_light.png	375	1581	17070	592875	0.02879190	1	example/test/goldens/notice_bar_scroll_post_action_light-develop-diff-current.png
M	tdesign-component/example/test/goldens/popover_placement_bottom_left_opened_dark.png	375	812	5934	304500	0.01948768	231	example/test/goldens/popover_placement_bottom_left_opened_dark-develop-diff-current.png
M	tdesign-component/example/test/goldens/popover_placement_bottom_left_opened_light.png	375	812	5910	304500	0.01940887	231	example/test/goldens/popover_placement_bottom_left_opened_light-develop-diff-current.png
M	tdesign-component/example/test/goldens/popover_placement_bottom_right_opened_dark.png	375	812	5929	304500	0.01947126	231	example/test/goldens/popover_placement_bottom_right_opened_dark-develop-diff-current.png
M	tdesign-component/example/test/goldens/popover_placement_bottom_right_opened_light.png	375	812	5901	304500	0.01937931	231	example/test/goldens/popover_placement_bottom_right_opened_light-develop-diff-current.png
M	tdesign-component/example/test/goldens/popover_placement_top_left_opened_dark.png	375	812	5875	304500	0.01929392	231	example/test/goldens/popover_placement_top_left_opened_dark-develop-diff-current.png
M	tdesign-component/example/test/goldens/popover_placement_top_left_opened_light.png	375	812	5912	304500	0.01941544	231	example/test/goldens/popover_placement_top_left_opened_light-develop-diff-current.png
M	tdesign-component/example/test/goldens/popover_placement_top_right_opened_dark.png	375	812	5867	304500	0.01926765	231	example/test/goldens/popover_placement_top_right_opened_dark-develop-diff-current.png
M	tdesign-component/example/test/goldens/popover_placement_top_right_opened_light.png	375	812	5905	304500	0.01939245	231	example/test/goldens/popover_placement_top_right_opened_light-develop-diff-current.png
M	tdesign-component/example/test/goldens/progress_page_dark.png	375	2018	185038	756750	0.24451668	237	example/test/goldens/progress_page_dark-develop-diff-current.png
M	tdesign-component/example/test/goldens/progress_page_light.png	375	2018	158163	756750	0.20900297	255	example/test/goldens/progress_page_light-develop-diff-current.png
M	tdesign-component/example/test/goldens/pull_down_refresh_basic_post_action_light.png	375	812	42	304500	0.00013793	1	example/test/goldens/pull_down_refresh_basic_post_action_light-develop-diff-current.png
M	tdesign-component/example/test/goldens/pull_down_refresh_custom_text_post_action_light.png	375	812	22017	304500	0.07230542	1	example/test/goldens/pull_down_refresh_custom_text_post_action_light-develop-diff-current.png
M	tdesign-component/example/test/goldens/pull_down_refresh_page_light.png	375	2008	375	753000	0.00049801	1	example/test/goldens/pull_down_refresh_page_light-develop-diff-current.png
M	tdesign-component/example/test/goldens/radio_page_dark.png	375	2600	949	975000	0.00097333	1	example/test/goldens/radio_page_dark-develop-diff-current.png
M	tdesign-component/example/test/goldens/radio_page_light.png	375	2600	949	975000	0.00097333	1	example/test/goldens/radio_page_light-develop-diff-current.png
M	tdesign-component/example/test/goldens/rate_page_dark.png	375	1819	4937	682125	0.00723768	1	example/test/goldens/rate_page_dark-develop-diff-current.png
M	tdesign-component/example/test/goldens/rate_page_light.png	375	1819	6217	682125	0.00911417	1	example/test/goldens/rate_page_light-develop-diff-current.png
M	tdesign-component/example/test/goldens/skeleton_page_light.png	375	1991	375	746625	0.00050226	1	example/test/goldens/skeleton_page_light-develop-diff-current.png
M	tdesign-component/example/test/goldens/slider_page_dark.png	375	2842	162531	1065750	0.15250387	254	example/test/goldens/slider_page_dark-develop-diff-current.png
M	tdesign-component/example/test/goldens/slider_page_light.png	375	2842	164377	1065750	0.15423598	255	example/test/goldens/slider_page_light-develop-diff-current.png
M	tdesign-component/example/test/goldens/steps_page_dark.png	375	3061	2574	1147875	0.00224240	1	example/test/goldens/steps_page_dark-develop-diff-current.png
M	tdesign-component/example/test/goldens/steps_page_light.png	375	3061	2574	1147875	0.00224240	1	example/test/goldens/steps_page_light-develop-diff-current.png
M	tdesign-component/example/test/goldens/swipe_cell_both_end_opened_dark.png	375	812	24659	304500	0.08098194	219	example/test/goldens/swipe_cell_both_end_opened_dark-develop-diff-current.png
M	tdesign-component/example/test/goldens/swipe_cell_both_end_opened_light.png	375	812	24622	304500	0.08086043	229	example/test/goldens/swipe_cell_both_end_opened_light-develop-diff-current.png
M	tdesign-component/example/test/goldens/swipe_cell_both_start_opened_dark.png	375	812	24659	304500	0.08098194	219	example/test/goldens/swipe_cell_both_start_opened_dark-develop-diff-current.png
M	tdesign-component/example/test/goldens/swipe_cell_both_start_opened_light.png	375	812	24622	304500	0.08086043	229	example/test/goldens/swipe_cell_both_start_opened_light-develop-diff-current.png
M	tdesign-component/example/test/goldens/swipe_cell_end_double_opened_dark.png	375	812	24659	304500	0.08098194	219	example/test/goldens/swipe_cell_end_double_opened_dark-develop-diff-current.png
M	tdesign-component/example/test/goldens/swipe_cell_end_double_opened_light.png	375	812	24622	304500	0.08086043	229	example/test/goldens/swipe_cell_end_double_opened_light-develop-diff-current.png
M	tdesign-component/example/test/goldens/swipe_cell_end_large_opened_dark.png	375	812	23938	304500	0.07861412	209	example/test/goldens/swipe_cell_end_large_opened_dark-develop-diff-current.png
M	tdesign-component/example/test/goldens/swipe_cell_end_large_opened_light.png	375	812	23912	304500	0.07852874	229	example/test/goldens/swipe_cell_end_large_opened_light-develop-diff-current.png
M	tdesign-component/example/test/goldens/swipe_cell_end_multiple_opened_dark.png	375	812	24659	304500	0.08098194	219	example/test/goldens/swipe_cell_end_multiple_opened_dark-develop-diff-current.png
M	tdesign-component/example/test/goldens/swipe_cell_end_multiple_opened_light.png	375	812	24622	304500	0.08086043	229	example/test/goldens/swipe_cell_end_multiple_opened_light-develop-diff-current.png
M	tdesign-component/example/test/goldens/swipe_cell_end_single_opened_dark.png	375	812	24875	304500	0.08169130	229	example/test/goldens/swipe_cell_end_single_opened_dark-develop-diff-current.png
M	tdesign-component/example/test/goldens/swipe_cell_end_single_opened_light.png	375	812	24854	304500	0.08162233	229	example/test/goldens/swipe_cell_end_single_opened_light-develop-diff-current.png
M	tdesign-component/example/test/goldens/swipe_cell_icon_only_opened_dark.png	375	812	24659	304500	0.08098194	219	example/test/goldens/swipe_cell_icon_only_opened_dark-develop-diff-current.png
M	tdesign-component/example/test/goldens/swipe_cell_icon_only_opened_light.png	375	812	24622	304500	0.08086043	229	example/test/goldens/swipe_cell_icon_only_opened_light-develop-diff-current.png
M	tdesign-component/example/test/goldens/swipe_cell_icon_text_opened_dark.png	375	812	24659	304500	0.08098194	219	example/test/goldens/swipe_cell_icon_text_opened_dark-develop-diff-current.png
M	tdesign-component/example/test/goldens/swipe_cell_icon_text_opened_light.png	375	812	24622	304500	0.08086043	229	example/test/goldens/swipe_cell_icon_text_opened_light-develop-diff-current.png
M	tdesign-component/example/test/goldens/swipe_cell_page_dark.png	375	1038	124653	389250	0.32023892	231	example/test/goldens/swipe_cell_page_dark-develop-diff-current.png
M	tdesign-component/example/test/goldens/swipe_cell_page_light.png	375	1038	123933	389250	0.31838921	229	example/test/goldens/swipe_cell_page_light-develop-diff-current.png
M	tdesign-component/example/test/goldens/swipe_cell_start_single_opened_dark.png	375	812	24659	304500	0.08098194	219	example/test/goldens/swipe_cell_start_single_opened_dark-develop-diff-current.png
M	tdesign-component/example/test/goldens/swipe_cell_start_single_opened_light.png	375	812	24622	304500	0.08086043	229	example/test/goldens/swipe_cell_start_single_opened_light-develop-diff-current.png
M	tdesign-component/example/test/goldens/swiper_page_dark.png	375	3148	644602	1180500	0.54604151	241	example/test/goldens/swiper_page_dark-develop-diff-current.png
M	tdesign-component/example/test/goldens/swiper_page_light.png	375	3148	500117	1180500	0.42364845	255	example/test/goldens/swiper_page_light-develop-diff-current.png
M	tdesign-component/example/test/goldens/switch_page_dark.png	375	1321	718	495375	0.00144941	1	example/test/goldens/switch_page_dark-develop-diff-current.png
M	tdesign-component/example/test/goldens/tab_bar_menu_opened_dark.png	375	812	184	304500	0.00060427	1	example/test/goldens/tab_bar_menu_opened_dark-develop-diff-current.png
M	tdesign-component/example/test/goldens/tab_bar_menu_opened_light.png	375	812	1768	304500	0.00580624	1	example/test/goldens/tab_bar_menu_opened_light-develop-diff-current.png
M	tdesign-component/example/test/goldens/tab_bar_menu_selected_toast_dark.png	375	812	93	304500	0.00030542	1	example/test/goldens/tab_bar_menu_selected_toast_dark-develop-diff-current.png
M	tdesign-component/example/test/goldens/tab_bar_menu_selected_toast_light.png	375	812	1732	304500	0.00568801	1	example/test/goldens/tab_bar_menu_selected_toast_light-develop-diff-current.png
M	tdesign-component/example/test/goldens/tab_bar_page_dark.png	375	1260	93	472500	0.00019683	1	example/test/goldens/tab_bar_page_dark-develop-diff-current.png
M	tdesign-component/example/test/goldens/tab_bar_post_action_dark.png	375	1260	93	472500	0.00019683	1	example/test/goldens/tab_bar_post_action_dark-develop-diff-current.png
M	tdesign-component/example/test/goldens/tab_bar_text_toast_dark.png	375	812	57	304500	0.00018719	1	example/test/goldens/tab_bar_text_toast_dark-develop-diff-current.png
M	tdesign-component/example/test/goldens/table_page_dark.png	375	4626	19659	1734750	0.01133247	197	example/test/goldens/table_page_dark-develop-diff-current.png
M	tdesign-component/example/test/goldens/table_page_light.png	375	4626	18191	1734750	0.01048624	255	example/test/goldens/table_page_light-develop-diff-current.png
M	tdesign-component/example/test/goldens/tabs_content_selected_dark.png	375	2072	4875	777000	0.00627413	1	example/test/goldens/tabs_content_selected_dark-develop-diff-current.png
M	tdesign-component/example/test/goldens/tabs_content_selected_light.png	375	2072	375	777000	0.00048263	1	example/test/goldens/tabs_content_selected_light-develop-diff-current.png
M	tdesign-component/example/test/goldens/tabs_page_dark.png	375	2072	4875	777000	0.00627413	1	example/test/goldens/tabs_page_dark-develop-diff-current.png
M	tdesign-component/example/test/goldens/tabs_page_light.png	375	2072	375	777000	0.00048263	1	example/test/goldens/tabs_page_light-develop-diff-current.png
M	tdesign-component/example/test/goldens/tag_page_dark.png	375	1952	284135	732000	0.38816257	250	example/test/goldens/tag_page_dark-develop-diff-current.png
M	tdesign-component/example/test/goldens/tag_page_light.png	375	1952	96402	732000	0.13169672	255	example/test/goldens/tag_page_light-develop-diff-current.png
M	tdesign-component/example/test/goldens/text_page_light.png	375	1620	375	607500	0.00061728	1	example/test/goldens/text_page_light-develop-diff-current.png
M	tdesign-component/example/test/goldens/textarea_all_editable_post_action_dark.png	375	2000	125640	750000	0.16752000	219	example/test/goldens/textarea_all_editable_post_action_dark-develop-diff-current.png
M	tdesign-component/example/test/goldens/textarea_all_editable_post_action_light.png	375	2000	113247	750000	0.15099600	230	example/test/goldens/textarea_all_editable_post_action_light-develop-diff-current.png
M	tdesign-component/example/test/goldens/textarea_page_dark.png	375	1952	128483	732000	0.17552322	219	example/test/goldens/textarea_page_dark-develop-diff-current.png
M	tdesign-component/example/test/goldens/textarea_page_light.png	375	1952	116038	732000	0.15852186	229	example/test/goldens/textarea_page_light-develop-diff-current.png
M	tdesign-component/example/test/goldens/toast_page_light.png	375	1809	343	678375	0.00050562	1	example/test/goldens/toast_page_light-develop-diff-current.png
M	tdesign-component/example/test/goldens/upload_page_light.png	375	2987	375	1120125	0.00033478	1	example/test/goldens/upload_page_light-develop-diff-current.png
M	tdesign-component/test/components/badge/goldens/t_badge_dark.png	380	540	5594	205200	0.02726121	1	test/components/badge/goldens/t_badge_dark-develop-diff-current.png
M	tdesign-component/test/components/badge/goldens/t_badge_light.png	380	540	5515	205200	0.02687622	1	test/components/badge/goldens/t_badge_light-develop-diff-current.png
M	tdesign-component/test/components/cascader/goldens/t_cascader_dark.png	343	360	343	123480	0.00277778	1	test/components/cascader/goldens/t_cascader_dark-develop-diff-current.png
M	tdesign-component/test/components/cascader/goldens/t_cascader_light.png	343	360	343	123480	0.00277778	1	test/components/cascader/goldens/t_cascader_light-develop-diff-current.png
M	tdesign-component/test/components/goldens/navigation_components_dark.png	420	1084	1741	455280	0.00382402	1	test/components/goldens/navigation_components_dark-develop-diff-current.png
M	tdesign-component/test/components/goldens/navigation_components_light.png	420	1084	376	455280	0.00082587	1	test/components/goldens/navigation_components_light-develop-diff-current.png
M	tdesign-component/test/components/image/goldens/t_image_states_dark.png	368	132	20579	48576	0.42364542	1	test/components/image/goldens/t_image_states_dark-develop-diff-current.png
M	tdesign-component/test/components/image/goldens/t_image_states_light.png	368	132	20578	48576	0.42362484	1	test/components/image/goldens/t_image_states_light-develop-diff-current.png
M	tdesign-component/test/components/tabbar/goldens/t_tab_bar_icon_dark.png	400	120	400	48000	0.00833333	1	test/components/tabbar/goldens/t_tab_bar_icon_dark-develop-diff-current.png
M	tdesign-component/test/components/tabbar/goldens/t_tab_bar_icon_text_dark.png	400	120	400	48000	0.00833333	1	test/components/tabbar/goldens/t_tab_bar_icon_text_dark-develop-diff-current.png
M	tdesign-component/test/components/tabbar/goldens/t_tab_bar_normal_style_dark.png	400	120	400	48000	0.00833333	1	test/components/tabbar/goldens/t_tab_bar_normal_style_dark-develop-diff-current.png
M	tdesign-component/test/components/tabbar/goldens/t_tab_bar_text_default_dark.png	400	120	400	48000	0.00833333	1	test/components/tabbar/goldens/t_tab_bar_text_default_dark-develop-diff-current.png
M	tdesign-component/test/components/tabbar/goldens/t_tab_bar_text_selected_1_dark.png	400	120	400	48000	0.00833333	1	test/components/tabbar/goldens/t_tab_bar_text_selected_1_dark-develop-diff-current.png
M	tdesign-component/test/components/table/goldens/t_table_api_dark.png	388	688	4281	266944	0.01603707	1	test/components/table/goldens/t_table_api_dark-develop-diff-current.png
M	tdesign-component/test/components/table/goldens/t_table_api_light.png	388	688	3822	266944	0.01431761	1	test/components/table/goldens/t_table_api_light-develop-diff-current.png
M	tdesign-component/test/components/tabs/goldens/t_tabs_variants_dark.png	360	168	720	60480	0.01190476	1	test/components/tabs/goldens/t_tabs_variants_dark-develop-diff-current.png
